   333  Alber Angular <Angular@marcelpetrick.it>
   234  Bert Bread <Bread@marcelpetrick.it>
   123  Charles Corona <Corona@marcelpetrick.it>
   100  Dilbert Doofus <Doofus@marcelpetrick.it>
    66  Ephraim Elder <Elder@marcelpetrick.it>
    33  Fredrich Fowler <Fowler@marcelpetrick.it>
